{
  "dataset_name": "georgia",
  "dataset_dir": "data/raw/georgia",
  "format": "wfdb",
  "sampling_rate": 500,
  "n_leads": 12,
  "has_snomed_headers": true,
  "from_registry": true,
  "n_records_found": 10342,
  "n_processed": 10342,
  "n_successful": 10342,
  "n_usable": 10336,
  "n_failed": 0,
  "success_rate": 1.0,
  "usable_rate": 0.9994198414233224,
  "total_time_sec": 304.66685795783997,
  "throughput_ecg_per_sec": 33.945274091582135,
  "quality_distribution": {
    "good": 7121,
    "acceptable": 3212,
    "excellent": 2,
    "unusable": 6,
    "poor": 1
  },
  "superclass_distribution": {
    "NORM": 2207,
    "STTC": 4195,
    "CD": 1813,
    "OTHER": 990,
    "HYP": 666,
    "MI": 471
  },
  "diagnosis_distribution": {
    "SINUS": 3428,
    "SNOMED_425623009": 902,
    "TWAVE": 2745,
    "LVH": 1232,
    "SNOMED_59118001": 542,
    "AFIB": 569,
    "NSP": 1883,
    "AFL": 186,
    "SNOMED_233917008": 74,
    "RBBB": 407,
    "SNOMED_17338001": 357,
    "SNOMED_39732003": 939,
    "STACHY": 1261,
    "SNOMED_111975006": 1391,
    "SNOMED_426434006": 281,
    "OTHER": 460,
    "PAC": 639,
    "LAFB": 180,
    "RVH": 86,
    "SNOMED_266249003": 71,
    "LAE": 870,
    "SVT": 32,
    "SNOMED_164909002": 231,
    "SNOMED_6374002": 116,
    "AVB1": 769,
    "OLD": 464,
    "SNOMED_47665007": 83,
    "SNOMED_427393009": 455,
    "SNOMED_425419005": 451,
    "SNOMED_428417006": 140,
    "DEP": 134,
    "SNOMED_698252002": 203,
    "SNOMED_195126007": 60,
    "SNOMED_426627000": 6,
    "SNOMED_253352002": 72,
    "SNOMED_429622005": 38,
    "SNOMED_253339007": 14,
    "ELEV": 992,
    "AVB2": 28,
    "SNOMED_55930002": 6,
    "SNOMED_426664006": 19,
    "SNOMED_251180001": 1,
    "SNOMED_81898007": 1,
    "SNOMED_164896001": 3,
    "VT": 28,
    "SNOMED_195101003": 7,
    "SNOMED_251268003": 52,
    "SNOMED_251266004": 46,
    "LPFB": 25,
    "UNSPEC": 7,
    "SNOMED_164884008": 41,
    "LBBB": 28,
    "AVB3": 8,
    "SNOMED_164921003": 10,
    "SNOMED_251139008": 12,
    "SNOMED_413444003": 1,
    "SNOMED_195080001": 2,
    "SNOMED_426648003": 4,
    "SNOMED_63593006": 1,
    "SNOMED_74390002": 2,
    "SNOMED_11157007": 2,
    "SNOMED_195060002": 2,
    "SNOMED_49578007": 2
  },
  "failed_ids": []
}