Complexity,Loss,Equation
1,0.024081772,"1.0207195"
3,0.009766827,"1.8788066 - RR_interval_sec"
5,0.00045469403,"(0.37826666 / RR_interval_sec) - -0.53873616"
7,0.0004301378,"(0.4849162 / (RR_interval_sec - -0.09215405)) + 0.47292605"
9,0.00040001562,"(((11.431521 / QT_interval_ms) + 0.32544675) / RR_interval_sec) + 0.56163615"
11,0.00029167635,"(0.56126565 / ((-33.188484 / QT_interval_ms) + (RR_interval_sec - -0.28900152))) + 0.45033222"
13,0.0002247441,"(0.36163443 / ((square(RR_interval_sec) + (-50.919346 / QT_interval_ms)) + 0.50236136)) + 0.65157306"
15,0.00021161344,"(0.16987538 / (((-30.431814 / QT_interval_ms) + 0.3362529) + square(RR_interval_sec - 0.24169476))) + 0.70953286"
