{
  "task": "SR Cardiac Age Prediction",
  "timestamp": "2026-01-04T11:25:30.502540",
  "dataset": {
    "n_samples": 10256,
    "n_train": 6090,
    "n_test": 1523,
    "n_features": 45,
    "age_range": {
      "min": 18.0,
      "max": 89.0,
      "mean": 59.82227768291081
    }
  },
  "baseline": {
    "model": "LinearRegression",
    "r2": 0.125568602156799,
    "mae": 11.520869298453029,
    "rmse": 14.3387790661622,
    "mse": 205.60058510821133,
    "mean_error": 0.48119178239218485,
    "std_error": 14.330702689567234
  },
  "best_equation": {
    "formula": "(((comp_sig_lzma_ratio + abs(n_beats + rr_std_ms)) - wav_wavelet_coef_min) * 3.4216719) + (square(wav_wavelet_coef_mean_abs - 4.1498203) - -38.373722)",
    "complexity": 17,
    "r2": 0.14538726945009128,
    "mae": 11.3587473327199,
    "rmse": 14.175356191869186
  },
  "cardiac_age_delta": {
    "mean_delta": 0.3984272576134745,
    "std_delta": 14.169755780773167,
    "median_delta": -0.6505350720738932,
    "pct_older": 47.86605384110308,
    "pct_younger": 52.13394615889692,
    "percentiles": {
      "p10": -16.71820942741171,
      "p25": -9.508747557773297,
      "p50": -0.6505350720738932,
      "p75": 9.593859101314358,
      "p90": 19.373349824203107
    },
    "age_trend_slope": -0.8608368525415848
  },
  "config": {
    "niterations": 150,
    "populations": 40,
    "population_size": 50,
    "maxsize": 25,
    "parsimony": 0.003,
    "binary_operators": [
      "+",
      "-",
      "*",
      "/"
    ],
    "unary_operators": [
      "square",
      "sqrt",
      "abs",
      "log",
      "exp"
    ],
    "test_size": 0.2,
    "cv_folds": 5,
    "random_state": 42,
    "min_age": 18,
    "max_age": 100
  }
}