{
  "dataset_name": "chapman",
  "dataset_dir": "data/raw/chapman",
  "format": "wfdb",
  "sampling_rate": 500,
  "n_leads": 12,
  "has_snomed_headers": true,
  "from_registry": true,
  "n_records_found": 45107,
  "n_processed": 45106,
  "n_successful": 45106,
  "n_usable": 45009,
  "n_failed": 0,
  "success_rate": 1.0,
  "usable_rate": 0.9978495100430098,
  "total_time_sec": 1344.5431563854218,
  "throughput_ecg_per_sec": 33.54745423066962,
  "quality_distribution": {
    "acceptable": 14476,
    "good": 30500,
    "excellent": 32,
    "unusable": 97,
    "poor": 1
  },
  "superclass_distribution": {
    "STTC": 9316,
    "NORM": 14794,
    "OTHER": 6195,
    "CD": 13598,
    "MI": 1169,
    "HYP": 34
  },
  "diagnosis_distribution": {
    "AFIB": 1780,
    "SNOMED_59118001": 649,
    "TWAVE": 8594,
    "SINUS": 24641,
    "AFL": 8059,
    "SNOMED_429622005": 1668,
    "NSP": 1158,
    "SNOMED_55827005": 5399,
    "STACHY": 7251,
    "AVB1": 1140,
    "SNOMED_251173003": 3,
    "SNOMED_164909002": 240,
    "SNOMED_164912004": 141,
    "OLD": 1062,
    "PAC": 1312,
    "SNOMED_233917008": 244,
    "SNOMED_17338001": 294,
    "SNOMED_698252002": 771,
    "OTHER": 2218,
    "SNOMED_39732003": 1542,
    "SNOMED_47665007": 852,
    "SNOMED_251199005": 162,
    "UNSPEC": 123,
    "DEP": 176,
    "SNOMED_251180001": 8,
    "SNOMED_111975006": 394,
    "SNOMED_164937009": 136,
    "SNOMED_428417006": 366,
    "SNOMED_251198002": 76,
    "LVH": 647,
    "RAE": 35,
    "SNOMED_67751000119106": 36,
    "SNOMED_164942001": 3,
    "AVB2": 132,
    "RVH": 110,
    "SNOMED_195060002": 12,
    "SNOMED_75532003": 56,
    "AVB3": 76,
    "SNOMED_74390002": 72,
    "SNOMED_195101003": 2,
    "SNOMED_251164006": 11,
    "SNOMED_11157007": 3,
    "SNOMED_54016002": 31,
    "SNOMED_13640000": 116,
    "ELEV": 800,
    "SVT": 724,
    "VT": 297,
    "SNOMED_251166008": 16,
    "SNOMED_17366009": 7,
    "SNOMED_233897008": 26,
    "LBBB": 1096,
    "RBBB": 246,
    "SNOMED_55930002": 4231,
    "SNOMED_29320008": 139,
    "SNOMED_365413008": 638,
    "SNOMED_251223006": 214,
    "SNOMED_427393009": 2542,
    "SNOMED_6374002": 385,
    "SNOMED_81898007": 96,
    "PVC": 1091,
    "LAFB": 380,
    "SNOMED_425856008": 109,
    "SNOMED_733534002": 213,
    "SNOMED_106068003": 215,
    "SNOMED_50799005": 59,
    "SNOMED_61721007": 652,
    "SNOMED_57054005": 49,
    "SNOMED_426627000": 7,
    "ACUTE": 57,
    "SNOMED_251205003": 106,
    "SNOMED_61277005": 14,
    "SNOMED_164896001": 59,
    "SNOMED_111288001": 7,
    "SNOMED_426183003": 7,
    "SNOMED_77867006": 2,
    "SNOMED_65778007": 5,
    "SNOMED_251187003": 17,
    "SNOMED_251170000": 62,
    "SNOMED_5609005": 33,
    "SNOMED_63593006": 9,
    "SNOMED_233892002": 16,
    "LPFB": 5,
    "SNOMED_426648003": 24,
    "SNOMED_418818005": 5,
    "SNOMED_426664006": 12,
    "SNOMED_49578007": 23,
    "SNOMED_446813000": 8,
    "LAE": 1
  },
  "failed_ids": []
}