{
  "task": "SR Cardiac Age Prediction",
  "timestamp": "2026-01-04T19:01:39.009311",
  "dataset": {
    "n_samples": 21364,
    "n_train": 11912,
    "n_test": 2979,
    "n_features": 45,
    "age_range": {
      "min": 18.0,
      "max": 89.0,
      "mean": 60.4345577865825
    }
  },
  "baseline": {
    "model": "Ridge",
    "r2": 0.19226363727006734,
    "mae": 12.199100848810568,
    "rmse": 15.183238966162689,
    "mse": 230.53074550360103,
    "mean_error": 0.3064106449963117,
    "std_error": 15.180146837900942
  },
  "best_equation": {
    "formula": "abs((22.321297 / (heart_rate_std + 0.96039623)) - 24.138582) + (((comp_sig_hjorth_complexity + (comp_sig_lempel_ziv_complexity + 18.858068)) - wav_wavelet_coef_max) * 2.711676)",
    "complexity": 18,
    "r2": 0.19630454394299068,
    "mae": 12.176451830593297,
    "rmse": 15.145212339005619
  },
  "cardiac_age_delta": {
    "mean_delta": 0.4647525705445192,
    "std_delta": 15.138079859801914,
    "median_delta": -0.016637407674281235,
    "pct_older": 49.91607922121517,
    "pct_younger": 50.08392077878483,
    "percentiles": {
      "p10": -18.700718716232224,
      "p25": -10.623205381441029,
      "p50": -0.016637407674281235,
      "p75": 10.556083829882688,
      "p90": 20.55558802605411
    },
    "age_trend_slope": -0.7977397435822919
  },
  "config": {
    "niterations": 150,
    "populations": 40,
    "population_size": 50,
    "maxsize": 25,
    "parsimony": 0.003,
    "binary_operators": [
      "+",
      "-",
      "*",
      "/"
    ],
    "unary_operators": [
      "square",
      "sqrt",
      "abs",
      "log",
      "exp"
    ],
    "test_size": 0.2,
    "cv_folds": 5,
    "random_state": 42,
    "min_age": 18,
    "max_age": 100
  }
}